framework	level	code	name	status	basis	constructs	gap_class	critical	dec057	evidence	rationale
SCOR DS	L0	OE1	Supply Chain Strategy	PARTIAL	SCOPE_READ	D:plan(Performance policy,Network design); L:ecl-a; L:ecl-p	2	N	DEPTH	ASCM SCOR DS v14.0 intro doc (scor.ascm.org/api/files/24) + unversioned Quick Reference Guide mirror (names/codes)	Strategy setting is only implicit in plan-domain policy sub-capabilities; no construct cites OE1 (script: zero explicit references). Proposed anchor addition, no ID change.
SCOR DS	L0	OE2	Business Rules	FULL	EXPLICIT_CITATION	L:ecl-f; L:ecl-z; L:ecl-aa		N		ASCM SCOR DS v14.0 intro doc (scor.ascm.org/api/files/24) + unversioned Quick Reference Guide mirror (names/codes)	Business rules carried by lenses F, Z, AA (explicit OE2).
SCOR DS	L0	OE3	Performance and Continuous Improvement	FULL	EXPLICIT_CITATION	D:exception; L:ecl-l; L:ecl-aa; C:cycle-issue-resolution		N		ASCM SCOR DS v14.0 intro doc (scor.ascm.org/api/files/24) + unversioned Quick Reference Guide mirror (names/codes)	"Performance and continuous improvement: exception rail ""Learn/prevent"" plus lenses (explicit OE3)."
SCOR DS	L0	OE4	Data, Information and Technology	FULL	EXPLICIT_CITATION	D:masterdata; L:ecl-g; L:ecl-k; L:ecl-aa		N		ASCM SCOR DS v14.0 intro doc (scor.ascm.org/api/files/24) + unversioned Quick Reference Guide mirror (names/codes)	Data, information and technology: master-data domain (explicit OE4).
SCOR DS	L0	OE5	Human Resources	PARTIAL	EXPLICIT_CITATION	L:ecl-w (SOURCE RESEARCH REQUIRED)	2	N	DEPTH	ASCM SCOR DS v14.0 intro doc (scor.ascm.org/api/files/24) + unversioned Quick Reference Guide mirror (names/codes)	Present as a lens only; the Universe itself states no supply-chain workforce taxonomy exists yet (lens W gap text).
SCOR DS	L0	OE6	Contracts and Agreements	FULL	EXPLICIT_CITATION	D:source(Contract); L:ecl-b; L:ecl-e; L:ecl-q; C:cycle-source-contract		N		ASCM SCOR DS v14.0 intro doc (scor.ascm.org/api/files/24) + unversioned Quick Reference Guide mirror (names/codes)	Contracts and agreements (explicit OE6).
SCOR DS	L0	OE7	Network Design	FULL	EXPLICIT_CITATION	D:plan(Network design); L:ecl-p; L:ecl-v		N		ASCM SCOR DS v14.0 intro doc (scor.ascm.org/api/files/24) + unversioned Quick Reference Guide mirror (names/codes)	Network design (explicit OE7).
SCOR DS	L0	OE8	Regulatory and Compliance	FULL	EXPLICIT_CITATION	D:trade; L:ecl-t; L:ecl-z		N		ASCM SCOR DS v14.0 intro doc (scor.ascm.org/api/files/24) + unversioned Quick Reference Guide mirror (names/codes)	Regulatory and compliance (explicit OE8); trade domain is conditional by design.
SCOR DS	L0	OE9	Risk	FULL	EXPLICIT_CITATION	L:ecl-h; L:ecl-u; L:ecl-z		N		ASCM SCOR DS v14.0 intro doc (scor.ascm.org/api/files/24) + unversioned Quick Reference Guide mirror (names/codes)	Risk (explicit OE9); lens U readiness PARTIALLY READY.
SCOR DS	L0	OE10	Environmental, Social and Governance	FULL	EXPLICIT_CITATION	L:ecl-y		N		ASCM SCOR DS v14.0 intro doc (scor.ascm.org/api/files/24) + unversioned Quick Reference Guide mirror (names/codes)	"ESG (explicit OE10). Label differs: Universe ""Environmental, Social and Governance""; quick-reference guide reads ""Environment, Social, and Governance"" (wording variant, no defect)."
SCOR DS	L0	OE11	Enterprise Business Planning	FULL	EXPLICIT_CITATION	L:ecl-a		N		ASCM SCOR DS v14.0 intro doc (scor.ascm.org/api/files/24) + unversioned Quick Reference Guide mirror (names/codes)	Enterprise business planning (explicit OE11).
SCOR DS	L0	OE12	Segmentation	PARTIAL	SCOPE_READ	L:ecl-i (service segmentation); L:ecl-h (supplier segmentation)	2	N	DEPTH	ASCM SCOR DS v14.0 intro doc (scor.ascm.org/api/files/24) + unversioned Quick Reference Guide mirror (names/codes)	Segmentation appears only as text inside two lenses; no construct cites OE12 (zero explicit references).
SCOR DS	L0	OE13	Circular Supply Chain Management	FULL	EXPLICIT_CITATION	L:ecl-y; D:returns		N		ASCM SCOR DS v14.0 intro doc (scor.ascm.org/api/files/24) + unversioned Quick Reference Guide mirror (names/codes)	Circular supply chain management (explicit OE13 on lens Y); recovery paths in returns domain.
SCOR DS	L1	P	Plan	FULL	EXPLICIT_CITATION	D:plan		N		ASCM SCOR DS v14.0 intro doc (scor.ascm.org/api/files/24) + unversioned Quick Reference Guide mirror (names/codes)	Plan L1.
SCOR DS	L2	P1	Plan Supply Chain	FULL	EXPLICIT_CITATION	D:plan(Demand and supply planning; Capacity and inventory policy)		N		ASCM SCOR DS v14.0 intro doc (scor.ascm.org/api/files/24) + unversioned Quick Reference Guide mirror (names/codes)	Explicit P1.
SCOR DS	L2	P2	Plan Order	PARTIAL	EXPLICIT_CITATION	D:plan	2	N	DEPTH	ASCM SCOR DS v14.0 intro doc (scor.ascm.org/api/files/24) + unversioned Quick Reference Guide mirror (names/codes)	"P2-P6 are cited as one block (""P2-P6 process plans""); the plan domain has five sub-capabilities, none per process plan. Present via a different abstraction (single Plan domain)."
SCOR DS	L2	P3	Plan Source	PARTIAL	EXPLICIT_CITATION	D:plan; D:source	2	N	DEPTH	ASCM SCOR DS v14.0 intro doc (scor.ascm.org/api/files/24) + unversioned Quick Reference Guide mirror (names/codes)	As P2: block citation only; sourcing plan appears as Category plan in the Source domain.
SCOR DS	L2	P4	Plan Transform	PARTIAL	EXPLICIT_CITATION	D:plan; D:transform(Schedule); C:cycle-plan-produce	2	N	DEPTH	ASCM SCOR DS v14.0 intro doc (scor.ascm.org/api/files/24) + unversioned Quick Reference Guide mirror (names/codes)	As P2; explicit P4 on cycle Plan-to-Produce and lens J.
SCOR DS	L2	P5	Plan Fulfill	PARTIAL	EXPLICIT_CITATION	D:plan(Deployment planning); L:ecl-i	2	N	DEPTH	ASCM SCOR DS v14.0 intro doc (scor.ascm.org/api/files/24) + unversioned Quick Reference Guide mirror (names/codes)	As P2; explicit P5 on lens I.
SCOR DS	L2	P6	Plan Return	PARTIAL	EXPLICIT_CITATION	D:plan; D:returns(Plan reverse movement)	2	N	DEPTH	ASCM SCOR DS v14.0 intro doc (scor.ascm.org/api/files/24) + unversioned Quick Reference Guide mirror (names/codes)	As P2; reverse-flow planning sits in returns sub-capability.
SCOR DS	L1	O	Order	FULL	EXPLICIT_CITATION	D:commercial		N		ASCM SCOR DS v14.0 intro doc (scor.ascm.org/api/files/24) + unversioned Quick Reference Guide mirror (names/codes)	Order L1.
SCOR DS	L2	O1	Order B2C	FULL	EXPLICIT_CITATION	D:commercial	3	N	DEPTH	ASCM SCOR DS v14.0 intro doc (scor.ascm.org/api/files/24) + unversioned Quick Reference Guide mirror (names/codes)	Explicit O1. Channel variant (B2C) is carried by the commercial domain; channel-specific detail is a daughter/client specialization (lens D gap names channel variants).
SCOR DS	L2	O2	Order B2B	FULL	EXPLICIT_CITATION	D:commercial	3	N	DEPTH	ASCM SCOR DS v14.0 intro doc (scor.ascm.org/api/files/24) + unversioned Quick Reference Guide mirror (names/codes)	Explicit O2; B2B specifics are daughter-level.
SCOR DS	L2	O3	Order Intra-company	FULL	EXPLICIT_CITATION	D:commercial	3	N	DEPTH	ASCM SCOR DS v14.0 intro doc (scor.ascm.org/api/files/24) + unversioned Quick Reference Guide mirror (names/codes)	Explicit O3; intra-company order specifics are daughter-level.
SCOR DS	L1	S	Source	FULL	EXPLICIT_CITATION	D:source		N		ASCM SCOR DS v14.0 intro doc (scor.ascm.org/api/files/24) + unversioned Quick Reference Guide mirror (names/codes)	Source L1.
SCOR DS	L2	S1	Strategic Source	FULL	EXPLICIT_CITATION	D:source(Sourcing governance; Category plan; Supplier/provider selection; Contract)		N		ASCM SCOR DS v14.0 intro doc (scor.ascm.org/api/files/24) + unversioned Quick Reference Guide mirror (names/codes)	Explicit S1.
SCOR DS	L2	S2	Direct Procure	FULL	EXPLICIT_CITATION	D:source(Requisition and PO); C:cycle-procure-pay		N		ASCM SCOR DS v14.0 intro doc (scor.ascm.org/api/files/24) + unversioned Quick Reference Guide mirror (names/codes)	Explicit S2.
SCOR DS	L2	S3	Indirect Procure	FULL	EXPLICIT_CITATION	D:source(Requisition and PO); C:cycle-procure-pay		N		ASCM SCOR DS v14.0 intro doc (scor.ascm.org/api/files/24) + unversioned Quick Reference Guide mirror (names/codes)	Explicit S3.
SCOR DS	L2	S4	Source Return	FULL	EXPLICIT_CITATION	D:source; D:returns		N		ASCM SCOR DS v14.0 intro doc (scor.ascm.org/api/files/24) + unversioned Quick Reference Guide mirror (names/codes)	Explicit S4 on source and returns.
SCOR DS	L1	T	Transform	FULL	EXPLICIT_CITATION	D:transform		N		ASCM SCOR DS v14.0 intro doc (scor.ascm.org/api/files/24) + unversioned Quick Reference Guide mirror (names/codes)	Transform L1.
SCOR DS	L2	T1	Transform Product	FULL	EXPLICIT_CITATION	D:transform; L:ecl-j		N		ASCM SCOR DS v14.0 intro doc (scor.ascm.org/api/files/24) + unversioned Quick Reference Guide mirror (names/codes)	Explicit T1.
SCOR DS	L2	T2	Transform Service	FULL	EXPLICIT_CITATION	D:transform(service transformation)		N		ASCM SCOR DS v14.0 intro doc (scor.ascm.org/api/files/24) + unversioned Quick Reference Guide mirror (names/codes)	Explicit T2.
SCOR DS	L2	T3	Transform Maintenance, Repair, Overhaul (MRO)	FULL	EXPLICIT_CITATION	D:transform(MRO/VAS); D:assets(Maintain/repair/MRO)		N		ASCM SCOR DS v14.0 intro doc (scor.ascm.org/api/files/24) + unversioned Quick Reference Guide mirror (names/codes)	Explicit T3.
SCOR DS	L1	F	Fulfill	FULL	EXPLICIT_CITATION	D:warehouse; D:transport; D:delivery		N		ASCM SCOR DS v14.0 intro doc (scor.ascm.org/api/files/24) + unversioned Quick Reference Guide mirror (names/codes)	Fulfill L1 spread over three execution domains (explicit F1-F3 on all three).
SCOR DS	L2	F1	Fulfill B2C	FULL	EXPLICIT_CITATION	D:warehouse; D:transport; D:delivery	3	N	DEPTH	ASCM SCOR DS v14.0 intro doc (scor.ascm.org/api/files/24) + unversioned Quick Reference Guide mirror (names/codes)	Explicit F1; B2C channel variants are daughter-level.
SCOR DS	L2	F2	Fulfill B2B	FULL	EXPLICIT_CITATION	D:warehouse; D:transport; D:delivery	3	N	DEPTH	ASCM SCOR DS v14.0 intro doc (scor.ascm.org/api/files/24) + unversioned Quick Reference Guide mirror (names/codes)	Explicit F2; B2B variants are daughter-level.
SCOR DS	L2	F3	Fulfill Intra-company	FULL	EXPLICIT_CITATION	D:warehouse; D:transport; D:delivery	3	N	DEPTH	ASCM SCOR DS v14.0 intro doc (scor.ascm.org/api/files/24) + unversioned Quick Reference Guide mirror (names/codes)	Explicit F3; intra-company variants are daughter-level.
SCOR DS	L1	R	Return	FULL	EXPLICIT_CITATION	D:returns		N		ASCM SCOR DS v14.0 intro doc (scor.ascm.org/api/files/24) + unversioned Quick Reference Guide mirror (names/codes)	Return L1.
SCOR DS	L2	R1	Return Product	FULL	EXPLICIT_CITATION	D:returns; C:cycle-return-refund		N		ASCM SCOR DS v14.0 intro doc (scor.ascm.org/api/files/24) + unversioned Quick Reference Guide mirror (names/codes)	Explicit R1.
SCOR DS	L2	R2	Return Service	FULL	EXPLICIT_CITATION	D:returns		N		ASCM SCOR DS v14.0 intro doc (scor.ascm.org/api/files/24) + unversioned Quick Reference Guide mirror (names/codes)	Explicit R2 (service returns).
SCOR DS	L2	R3	Return MRO	FULL	EXPLICIT_CITATION	D:returns; D:assets		N		ASCM SCOR DS v14.0 intro doc (scor.ascm.org/api/files/24) + unversioned Quick Reference Guide mirror (names/codes)	Explicit R3 (MRO returns).
APQC PCF 8.0	L1	1.0	Develop Vision and Strategy	NONE	SCOPE_READ		5	N	OUT_OF_SCOPE	APQC Cross-Industry PCF 8.0 Excel (Project file), PCF ID 10002	Enterprise vision and strategy; not a supply-chain operating capability. No construct cites it. SCOR OE1 is the nearest supply-chain-level strategy anchor (see OE1).
APQC PCF 8.0	L2	1.1	Define the business concept and long-term vision	NONE	SCOPE_READ		5	N	OUT_OF_SCOPE	APQC Cross-Industry PCF 8.0 Excel (Project file), PCF ID 17040	Enterprise strategy.
APQC PCF 8.0	L2	1.2	Develop business strategy	NONE	SCOPE_READ		5	N	OUT_OF_SCOPE	APQC Cross-Industry PCF 8.0 Excel (Project file), PCF ID 10015	Enterprise strategy.
APQC PCF 8.0	L2	1.3	Develop and measure strategic initiatives	NONE	SCOPE_READ		5	N	OUT_OF_SCOPE	APQC Cross-Industry PCF 8.0 Excel (Project file), PCF ID 10016	Strategic initiatives; no supply-chain execution content.
APQC PCF 8.0	L2	1.4	Develop and maintain business models	NONE	SCOPE_READ		5	N	OUT_OF_SCOPE	APQC Cross-Industry PCF 8.0 Excel (Project file), PCF ID 20944	Business model definition; the Universe's operating-role overlays (shipper, forwarder, 3PL...) describe roles, not enterprise business-model management.
APQC PCF 8.0	L1	2.0	Develop and Manage Products and Services	PARTIAL	EXPLICIT_CITATION	L:ecl-k	5	N	OUT_OF_SCOPE	APQC Cross-Industry PCF 8.0 Excel (Project file), PCF ID 10003	Only item/product lifecycle (introduction, change, retirement) is in scope via lens K; R&D design is not.
APQC PCF 8.0	L2	2.1	Govern and manage product/service development program	PARTIAL	ANCESTOR_CITED	L:ecl-k	5	N	OUT_OF_SCOPE	APQC Cross-Industry PCF 8.0 Excel (Project file), PCF ID 19696	Program governance for development is out of scope; item governance partly via lens K.
APQC PCF 8.0	L2	2.2	Generate and define new product/service ideas	NONE	ANCESTOR_CITED		5	N	OUT_OF_SCOPE	APQC Cross-Industry PCF 8.0 Excel (Project file), PCF ID 19698	Idea generation / R&D.
APQC PCF 8.0	L2	2.3	Develop products and services	PARTIAL	ANCESTOR_CITED	L:ecl-k	5	N	OUT_OF_SCOPE	APQC Cross-Industry PCF 8.0 Excel (Project file), PCF ID 10062	Product design out of scope; engineering change and item introduction via lens K (lens gap: needs sector research).
APQC PCF 8.0	L1	3.0	Market and Sell Products and Services	PARTIAL	EXPLICIT_CITATION	D:commercial; L:ecl-d; L:ecl-f; L:ecl-o	5	N	OUT_OF_SCOPE	APQC Cross-Industry PCF 8.0 Excel (Project file), PCF ID 10004	Order, quote and rate parts are covered; marketing and sales planning are not.
APQC PCF 8.0	L2	3.1	Understand markets, customers, and capabilities	NONE	ANCESTOR_CITED		5	N	OUT_OF_SCOPE	APQC Cross-Industry PCF 8.0 Excel (Project file), PCF ID 10101	Market research.
APQC PCF 8.0	L2	3.2	Develop marketing strategy	NONE	ANCESTOR_CITED		5	N	OUT_OF_SCOPE	APQC Cross-Industry PCF 8.0 Excel (Project file), PCF ID 21615	Marketing strategy.
APQC PCF 8.0	L2	3.3	Develop and manage marketing plans	NONE	ANCESTOR_CITED		5	N	OUT_OF_SCOPE	APQC Cross-Industry PCF 8.0 Excel (Project file), PCF ID 20008	Marketing plans.
APQC PCF 8.0	L2	3.4	Develop sales strategy	PARTIAL	ANCESTOR_CITED	D:commercial(Rate and pricing; Enquiry and solution)	5	N	OUT_OF_SCOPE	APQC Cross-Industry PCF 8.0 Excel (Project file), PCF ID 10103	Sales strategy is out of scope; pricing/solution design touchpoint only.
APQC PCF 8.0	L2	3.5	Develop and manage sales plans	FULL	ANCESTOR_CITED	D:commercial		N		APQC Cross-Industry PCF 8.0 Excel (Project file), PCF ID 10105	Sales plans: order/quote handling covered (3.5.3 quote, 3.5.4 order); selling-channel nodes (3.5.5-3.5.8) are not.
APQC PCF 8.0	L3	3.5.1	Manage leads/opportunities	PARTIAL	ANCESTOR_CITED	D:commercial(Enquiry and solution)	2	N	DEPTH	APQC Cross-Industry PCF 8.0 Excel (Project file), PCF ID 10182	Leads/opportunities: enquiry only.
APQC PCF 8.0	L3	3.5.2	Manage customers and accounts	PARTIAL	ANCESTOR_CITED	D:masterdata; D:customer	2	N	DEPTH	APQC Cross-Industry PCF 8.0 Excel (Project file), PCF ID 10183	Customer/account management: party master data and service contacts.
APQC PCF 8.0	L3	3.5.3	Develop and manage sales proposals, bids, and quotes	FULL	ANCESTOR_CITED	D:commercial(Quote and terms)		N		APQC Cross-Industry PCF 8.0 Excel (Project file), PCF ID 11779	"Quotes: sub-capability exists; the Universe says quote mapping is ""separate"" but no separate mapping is shown (observation O-3)."
APQC PCF 8.0	L3	3.5.4	Manage sales orders	FULL	EXPLICIT_CITATION	D:commercial(Order capture; Validate and promise; Amend or cancel)		N		APQC Cross-Industry PCF 8.0 Excel (Project file), PCF ID 10185	Explicit 3.5.4.
APQC PCF 8.0	L3	3.5.5	Manage sales partners and alliances	NONE	ANCESTOR_CITED		5	N	OUT_OF_SCOPE	APQC Cross-Industry PCF 8.0 Excel (Project file), PCF ID 10187	"Selling-channel / sales organization processes; orders from these channels enter at commercial ""Order capture""."
APQC PCF 8.0	L3	3.5.6	Perform sales at physical outlets	NONE	ANCESTOR_CITED		5	N	OUT_OF_SCOPE	APQC Cross-Industry PCF 8.0 Excel (Project file), PCF ID 21427	"Selling-channel / sales organization processes; orders from these channels enter at commercial ""Order capture""."
APQC PCF 8.0	L3	3.5.7	Perform field sales	NONE	ANCESTOR_CITED		5	N	OUT_OF_SCOPE	APQC Cross-Industry PCF 8.0 Excel (Project file), PCF ID 21428	"Selling-channel / sales organization processes; orders from these channels enter at commercial ""Order capture""."
APQC PCF 8.0	L3	3.5.8	Perform digital sales	NONE	ANCESTOR_CITED		5	N	OUT_OF_SCOPE	APQC Cross-Industry PCF 8.0 Excel (Project file), PCF ID 21429	"Selling-channel / sales organization processes; orders from these channels enter at commercial ""Order capture""."
APQC PCF 8.0	L1	4.0	Manage Supply Chain for Physical Products	FULL	SCOPE_READ	D:plan; D:source; D:transform; D:warehouse; D:transport; D:delivery; D:returns		N		APQC Cross-Industry PCF 8.0 Excel (Project file), PCF ID 20022	Core supply-chain category; sub-nodes 4.1-4.4 cited explicitly.
APQC PCF 8.0	L2	4.1	Plan for and align supply chain resources	FULL	EXPLICIT_CITATION	D:plan; C:cycle-forecast-plan; L:ecl-a		N		APQC Cross-Industry PCF 8.0 Excel (Project file), PCF ID 10215	Explicit 4.1.
APQC PCF 8.0	L3	4.1.1	Develop production and materials strategies	FULL	ANCESTOR_CITED	D:plan(Capacity and inventory policy); D:transform		N		APQC Cross-Industry PCF 8.0 Excel (Project file), PCF ID 10221	Production and materials strategies.
APQC PCF 8.0	L3	4.1.2	Manage demand for products	FULL	ANCESTOR_CITED	D:plan(Demand and supply planning)		N		APQC Cross-Industry PCF 8.0 Excel (Project file), PCF ID 10222	Demand management.
APQC PCF 8.0	L3	4.1.3	Create materials plan	FULL	ANCESTOR_CITED	D:plan; D:source		N		APQC Cross-Industry PCF 8.0 Excel (Project file), PCF ID 10223	Materials plan.
APQC PCF 8.0	L3	4.1.4	Create and manage master production schedule	FULL	ANCESTOR_CITED	D:plan; D:transform(Schedule)		N		APQC Cross-Industry PCF 8.0 Excel (Project file), PCF ID 10224	Master production schedule.
APQC PCF 8.0	L3	4.1.5	Plan distribution requirements	FULL	ANCESTOR_CITED	D:plan(Deployment planning)		N		APQC Cross-Industry PCF 8.0 Excel (Project file), PCF ID 17042	Distribution requirements.
APQC PCF 8.0	L3	4.1.6	Establish distribution planning constraints	FULL	ANCESTOR_CITED	D:plan(Deployment planning; Performance policy)		N		APQC Cross-Industry PCF 8.0 Excel (Project file), PCF ID 10226	Distribution planning constraints.
APQC PCF 8.0	L3	4.1.7	Review distribution planning policies	FULL	ANCESTOR_CITED	D:plan(Performance policy)		N		APQC Cross-Industry PCF 8.0 Excel (Project file), PCF ID 10227	Distribution planning policies.
APQC PCF 8.0	L3	4.1.8	Develop quality standards and procedures	PARTIAL	ANCESTOR_CITED	L:ecl-l	2	N	DEPTH	APQC Cross-Industry PCF 8.0 Excel (Project file), PCF ID 10368	Quality standards and procedures: lens L (PARTIALLY READY), no domain.
APQC PCF 8.0	L2	4.2	Procure materials and services	FULL	EXPLICIT_CITATION	D:source; C:cycle-source-contract; C:cycle-procure-pay		N		APQC Cross-Industry PCF 8.0 Excel (Project file), PCF ID 10216	Explicit 4.2; Source sub-capability names mirror 4.2.1-4.2.5.
APQC PCF 8.0	L3	4.2.1	Provide sourcing governance	FULL	EXPLICIT_CITATION	D:source(Sourcing governance)		N		APQC Cross-Industry PCF 8.0 Excel (Project file), PCF ID 10277	Explicit 4.2.1.
APQC PCF 8.0	L3	4.2.2	Develop category plan	FULL	EXPLICIT_CITATION	D:source(Category plan)		N		APQC Cross-Industry PCF 8.0 Excel (Project file), PCF ID 16636	Explicit 4.2.2.
APQC PCF 8.0	L3	4.2.3	Select suppliers and develop/maintain contracts	FULL	EXPLICIT_CITATION	D:source(Supplier/provider selection; Contract)		N		APQC Cross-Industry PCF 8.0 Excel (Project file), PCF ID 10278	Explicit 4.2.3.
APQC PCF 8.0	L3	4.2.4	Order materials and services	FULL	EXPLICIT_CITATION	D:source(Requisition and PO)		N		APQC Cross-Industry PCF 8.0 Excel (Project file), PCF ID 10279	Explicit 4.2.4.
APQC PCF 8.0	L3	4.2.5	Manage suppliers	FULL	EXPLICIT_CITATION	D:source(Supplier management); L:ecl-h		N		APQC Cross-Industry PCF 8.0 Excel (Project file), PCF ID 10280	Explicit 4.2.5.
APQC PCF 8.0	L2	4.3	Produce/Assemble/Test product	FULL	EXPLICIT_CITATION	D:transform; C:cycle-plan-produce; L:ecl-j		N		APQC Cross-Industry PCF 8.0 Excel (Project file), PCF ID 10217	Explicit 4.3.
APQC PCF 8.0	L3	4.3.1	Schedule production	FULL	ANCESTOR_CITED	D:transform(Schedule)		N		APQC Cross-Industry PCF 8.0 Excel (Project file), PCF ID 10303	Schedule production.
APQC PCF 8.0	L3	4.3.2	Produce/Assemble product	FULL	ANCESTOR_CITED	D:transform(Execute/transform)		N		APQC Cross-Industry PCF 8.0 Excel (Project file), PCF ID 10304	Produce/assemble.
APQC PCF 8.0	L3	4.3.3	Perform quality testing	FULL	ANCESTOR_CITED	D:transform(Inspect and test)		N		APQC Cross-Industry PCF 8.0 Excel (Project file), PCF ID 10369	Quality testing.
APQC PCF 8.0	L3	4.3.4	Maintain production records and manage lot traceability	FULL	ANCESTOR_CITED	"D:transform(Pack and release); L:ecl-j (""Transform and record genealogy""); src-gs1-trace"		N		APQC Cross-Industry PCF 8.0 Excel (Project file), PCF ID 10370	Production records and lot traceability (genealogy named in lens J).
APQC PCF 8.0	L2	4.4	Manage logistics and warehousing	FULL	EXPLICIT_CITATION	D:plan; D:transport; D:warehouse; D:delivery; D:returns		N		APQC Cross-Industry PCF 8.0 Excel (Project file), PCF ID 10219	Explicit 4.4 and its children.
APQC PCF 8.0	L3	4.4.1	Provide logistics governance	FULL	EXPLICIT_CITATION	D:plan (Network design; Performance policy)		N		APQC Cross-Industry PCF 8.0 Excel (Project file), PCF ID 10338	Explicit 4.4.1 on plan domain.
APQC PCF 8.0	L4	4.4.1.1	Translate customer service requirements into logistics requirements	FULL	ANCESTOR_CITED	D:plan(Performance policy); D:commercial		N		APQC Cross-Industry PCF 8.0 Excel (Project file), PCF ID 10343	Translate service requirements into logistics requirements.
APQC PCF 8.0	L4	4.4.1.2	Design logistics network	FULL	ANCESTOR_CITED	D:plan(Network design); L:ecl-p		N		APQC Cross-Industry PCF 8.0 Excel (Project file), PCF ID 10344	Design logistics network.
APQC PCF 8.0	L4	4.4.1.3	Communicate outsourcing needs	PARTIAL	ANCESTOR_CITED	D:source; L:ecl-q; M:3pl,4pl	2	N	DEPTH	APQC Cross-Industry PCF 8.0 Excel (Project file), PCF ID 10345	Outsourcing needs communication: provider sourcing and role overlays.
APQC PCF 8.0	L4	4.4.1.4	Develop and maintain delivery service policy	FULL	ANCESTOR_CITED	D:plan(Performance policy)		N		APQC Cross-Industry PCF 8.0 Excel (Project file), PCF ID 10346	Delivery service policy.
APQC PCF 8.0	L4	4.4.1.5	Optimize transportation schedules and costs	FULL	ANCESTOR_CITED	D:transport(Mode/service and route; Consolidate/load build)		N		APQC Cross-Industry PCF 8.0 Excel (Project file), PCF ID 10347	Optimize transport schedules and costs.
APQC PCF 8.0	L4	4.4.1.6	Define key performance measures	FULL	ANCESTOR_CITED	D:plan(Performance policy)		N		APQC Cross-Industry PCF 8.0 Excel (Project file), PCF ID 10348	Key performance measures.
APQC PCF 8.0	L4	4.4.1.7	Define reverse logistics strategy	FULL	EXPLICIT_CITATION	D:returns(Plan reverse movement)		N		APQC Cross-Industry PCF 8.0 Excel (Project file), PCF ID 16905	Explicit 4.4.1.7.
APQC PCF 8.0	L3	4.4.2	Plan and manage inbound material flow	FULL	EXPLICIT_CITATION	D:transport; D:warehouse(Receive and inspect)		N		APQC Cross-Industry PCF 8.0 Excel (Project file), PCF ID 20936	Explicit 4.4.2.
APQC PCF 8.0	L4	4.4.2.1	Plan inbound material receipts	FULL	ANCESTOR_CITED	D:transport; D:warehouse(Receive and inspect)		N		APQC Cross-Industry PCF 8.0 Excel (Project file), PCF ID 10349	Plan inbound receipts.
APQC PCF 8.0	L4	4.4.2.2	Manage inbound material flow	FULL	ANCESTOR_CITED	D:transport		N		APQC Cross-Industry PCF 8.0 Excel (Project file), PCF ID 10350	Inbound material flow.
APQC PCF 8.0	L4	4.4.2.3	Monitor inbound delivery performance	FULL	ANCESTOR_CITED	D:transport(Visibility/exception); L:ecl-q		N		APQC Cross-Industry PCF 8.0 Excel (Project file), PCF ID 10351	Inbound delivery performance.
APQC PCF 8.0	L4	4.4.2.4	Manage flow of returned products	FULL	EXPLICIT_CITATION	D:returns		N		APQC Cross-Industry PCF 8.0 Excel (Project file), PCF ID 10352	Explicit 4.4.2.4.
APQC PCF 8.0	L4	4.4.2.5	Manage disposition of returned products	FULL	EXPLICIT_CITATION	D:returns(Disposition/recover)		N		APQC Cross-Industry PCF 8.0 Excel (Project file), PCF ID 20109	Explicit 4.4.2.5.
APQC PCF 8.0	L3	4.4.3	Operate warehousing	FULL	EXPLICIT_CITATION	D:warehouse		N		APQC Cross-Industry PCF 8.0 Excel (Project file), PCF ID 10340	Explicit 4.4.3 (+4.4.3.1-8).
APQC PCF 8.0	L4	4.4.3.1	Manage and track inventory deployment	FULL	EXPLICIT_CITATION	D:warehouse; D:plan(Deployment planning)		N		APQC Cross-Industry PCF 8.0 Excel (Project file), PCF ID 10353	Explicit 4.4.3.1.
APQC PCF 8.0	L4	4.4.3.2	Receive, inspect, and store inbound deliveries	FULL	EXPLICIT_CITATION	D:warehouse(Receive and inspect; Putaway and storage)		N		APQC Cross-Industry PCF 8.0 Excel (Project file), PCF ID 10354	Explicit.
APQC PCF 8.0	L4	4.4.3.3	Track product availability	FULL	EXPLICIT_CITATION	D:warehouse(Inventory accuracy)		N		APQC Cross-Industry PCF 8.0 Excel (Project file), PCF ID 10355	Explicit.
APQC PCF 8.0	L4	4.4.3.4	Pick, pack, and ship product for delivery	FULL	EXPLICIT_CITATION	D:warehouse(Pick-pack-stage-load)		N		APQC Cross-Industry PCF 8.0 Excel (Project file), PCF ID 10356	Explicit.
APQC PCF 8.0	L4	4.4.3.5	Track inventory accuracy	FULL	EXPLICIT_CITATION	D:warehouse(Inventory accuracy)		N		APQC Cross-Industry PCF 8.0 Excel (Project file), PCF ID 10357	Explicit.
APQC PCF 8.0	L4	4.4.3.6	Track third-party logistics storage and shipping performance	FULL	EXPLICIT_CITATION	L:ecl-q; M:3pl,warehouse		N		APQC Cross-Industry PCF 8.0 Excel (Project file), PCF ID 10358	3PL storage/shipping performance: provider management lens and role overlays.
APQC PCF 8.0	L4	4.4.3.7	Manage physical finished goods inventory	FULL	EXPLICIT_CITATION	D:warehouse		N		APQC Cross-Industry PCF 8.0 Excel (Project file), PCF ID 10359	Explicit.
APQC PCF 8.0	L4	4.4.3.8	Manage warehouse transfers	FULL	EXPLICIT_CITATION	D:warehouse(Cross-dock and transfer)		N		APQC Cross-Industry PCF 8.0 Excel (Project file), PCF ID 20957	Explicit.
APQC PCF 8.0	L3	4.4.4	Operate outbound transportation	FULL	EXPLICIT_CITATION	D:transport		N		APQC Cross-Industry PCF 8.0 Excel (Project file), PCF ID 10341	Explicit 4.4.4.
APQC PCF 8.0	L4	4.4.4.1	Plan, transport, and deliver outbound product	FULL	ANCESTOR_CITED	D:transport		N		APQC Cross-Industry PCF 8.0 Excel (Project file), PCF ID 10360	Plan, transport and deliver outbound product.
APQC PCF 8.0	L4	4.4.4.2	Track carrier delivery performance	FULL	ANCESTOR_CITED	L:ecl-q; D:transport(Visibility/exception)		N		APQC Cross-Industry PCF 8.0 Excel (Project file), PCF ID 10361	Carrier delivery performance.
APQC PCF 8.0	L4	4.4.4.3	Manage transportation fleet	FULL	ANCESTOR_CITED	D:assets		N		APQC Cross-Industry PCF 8.0 Excel (Project file), PCF ID 10362	Manage transportation fleet.
APQC PCF 8.0	L4	4.4.4.4	Process and audit carrier invoices and documents	FULL	EXPLICIT_CITATION	D:finance(Carrier invoice/audit)		N		APQC Cross-Industry PCF 8.0 Excel (Project file), PCF ID 10363	Explicit 4.4.4.4 (label shortened).
APQC PCF 8.0	L3	4.4.5	Deliver last mile delivery services	FULL	EXPLICIT_CITATION	D:delivery		N		APQC Cross-Industry PCF 8.0 Excel (Project file), PCF ID 21617	Explicit 4.4.5.
APQC PCF 8.0	L4	4.4.5.1	Confirm specific last mile delivery service requirements for individual customer	FULL	ANCESTOR_CITED	D:delivery(Destination readiness; Appointment)		N		APQC Cross-Industry PCF 8.0 Excel (Project file), PCF ID 21618	Last-mile requirements.
APQC PCF 8.0	L4	4.4.5.2	Identify and schedule resources to meet last mile delivery requirements	FULL	ANCESTOR_CITED	D:delivery(Last-mile dispatch)		N		APQC Cross-Industry PCF 8.0 Excel (Project file), PCF ID 21622	Last-mile resources.
APQC PCF 8.0	L4	4.4.5.3	Provide last mile delivery service to specific customers	FULL	ANCESTOR_CITED	D:delivery(Deliver/install; Delivery attempt; POD/acceptance)		N		APQC Cross-Industry PCF 8.0 Excel (Project file), PCF ID 21625	Last-mile service.
APQC PCF 8.0	L4	4.4.5.4	Ensure quality of last mile delivery	FULL	ANCESTOR_CITED	D:delivery; D:customer		N		APQC Cross-Industry PCF 8.0 Excel (Project file), PCF ID 21629	Last-mile quality.
APQC PCF 8.0	L1	5.0	Deliver Services	PARTIAL	SCOPE_READ	D:transform(service transformation); D:transport; D:delivery; D:warehouse (logistics services are themselves the delivered service)	2	N	DEPTH	APQC Cross-Industry PCF 8.0 Excel (Project file), PCF ID 20025	Not cited anywhere (script). Service delivery for a service enterprise (e.g. a 3PL) is performed by the execution domains; no construct names service-delivery governance or resources. Flagged for challenge: whether PCF 5.0 should be an explicit anchor.
APQC PCF 8.0	L2	5.1	Establish service delivery governance and strategies	PARTIAL	SCOPE_READ	D:plan(Performance policy)	2	N	DEPTH	APQC Cross-Industry PCF 8.0 Excel (Project file), PCF ID 20026	Service delivery governance: only service policy in plan domain; not cited.
APQC PCF 8.0	L2	5.2	Manage service delivery resources	PARTIAL	SCOPE_READ	D:assets; D:warehouse	2	N	DEPTH	APQC Cross-Industry PCF 8.0 Excel (Project file), PCF ID 20040	Service delivery resources: assets/fleet and node capacity; not cited.
APQC PCF 8.0	L2	5.3	Manage and Operate Service Delivery System	PARTIAL	SCOPE_READ	D:transform(service transformation); D:exception	2	N	DEPTH	APQC Cross-Industry PCF 8.0 Excel (Project file), PCF ID 21634	Operate the delivery system: transform T2 and exception rail; not cited.
APQC PCF 8.0	L2	5.4	Deliver service to customer	PARTIAL	SCOPE_READ	D:transport; D:delivery; D:warehouse	2	N	DEPTH	APQC Cross-Industry PCF 8.0 Excel (Project file), PCF ID 20058	Deliver service to customer: realized by logistics execution domains for a logistics service provider; not cited.
APQC PCF 8.0	L1	6.0	Manage Customer Service	FULL	EXPLICIT_CITATION	D:customer; L:ecl-m; C:cycle-issue-resolution		N		APQC Cross-Industry PCF 8.0 Excel (Project file), PCF ID 20085	Explicit 6.0 on customer domain.
APQC PCF 8.0	L2	6.1	Develop customer service strategy	PARTIAL	ANCESTOR_CITED	D:customer; D:plan(Performance policy)	2	N	DEPTH	APQC Cross-Industry PCF 8.0 Excel (Project file), PCF ID 10378	Service strategy: only implicit in service policy.
APQC PCF 8.0	L2	6.2	Plan and manage customer service contacts	FULL	ANCESTOR_CITED	D:customer		N		APQC Cross-Industry PCF 8.0 Excel (Project file), PCF ID 10379	Contacts: receive, classify/route, status (customer sub-capabilities).
APQC PCF 8.0	L2	6.3	Service products after sales	PARTIAL	ANCESTOR_CITED	D:assets(Maintain/repair/MRO); D:returns; D:customer	2	N	DEPTH	APQC Cross-Industry PCF 8.0 Excel (Project file), PCF ID 12658	After-sales service: via T3/R3 and customer service; no after-sales construct.
APQC PCF 8.0	L2	6.4	Manage product recalls and regulatory audits	NONE	ANCESTOR_CITED	(closest: D:returns; src-gs1-trace; D:trade)	1	Y	STRUCTURAL	APQC Cross-Industry PCF 8.0 Excel (Project file), PCF ID 20110	"Product recall and regulatory audit. PROPOSED CLASS 1 (challenge invited): the word ""recall"" does not occur anywhere in the frozen HTML (0 matches); returns domain scope starts at customer/supplier return signal, not regulator- or manufacturer-initiated trace-and-retrieve. Alternative reading, class 2: composable from returns + GS1 traceability + compliance lens Z. Critical because recall is a legal/regulatory step in pharma, automotive and consumer reference chains (W1-06 QA R1 flagged recall/returns generalization)."
APQC PCF 8.0	L2	6.5	Evaluate customer service operations and customer satisfaction	FULL	ANCESTOR_CITED	D:customer(Close and capture feedback)		N		APQC Cross-Industry PCF 8.0 Excel (Project file), PCF ID 20595	Satisfaction evaluation.
APQC PCF 8.0	L1	7.0	Develop and Manage Human Resources	PARTIAL	EXPLICIT_CITATION	L:ecl-w (SOURCE RESEARCH REQUIRED)	5	N	OUT_OF_SCOPE	APQC Cross-Industry PCF 8.0 Excel (Project file), PCF ID 10007	Enterprise HR category; only supply-chain workforce aspects (skill, qualification, shift, safety) are in lens W, itself unresearched.
APQC PCF 8.0	L2	7.1	Develop and manage human resources (HR) planning, policies, and strategies	NONE	ANCESTOR_CITED		5	N	OUT_OF_SCOPE	APQC Cross-Industry PCF 8.0 Excel (Project file), PCF ID 17043	HR planning: enterprise HR administration.
APQC PCF 8.0	L2	7.2	Recruit, source, and select employees	NONE	ANCESTOR_CITED		5	N	OUT_OF_SCOPE	APQC Cross-Industry PCF 8.0 Excel (Project file), PCF ID 10410	Recruiting: enterprise HR administration.
APQC PCF 8.0	L2	7.3	Manage employee onboarding, training, and development	PARTIAL	ANCESTOR_CITED	L:ecl-w	2	N	DEPTH	APQC Cross-Industry PCF 8.0 Excel (Project file), PCF ID 20599	Training/qualification for logistics roles appears in lens W text; taxonomy unresearched.
APQC PCF 8.0	L2	7.4	Manage employee relations	NONE	ANCESTOR_CITED		5	N	OUT_OF_SCOPE	APQC Cross-Industry PCF 8.0 Excel (Project file), PCF ID 17052	Employee relations: enterprise HR administration.
APQC PCF 8.0	L2	7.5	Reward and retain employees	NONE	ANCESTOR_CITED		5	N	OUT_OF_SCOPE	APQC Cross-Industry PCF 8.0 Excel (Project file), PCF ID 10412	Reward and retain: enterprise HR administration.
APQC PCF 8.0	L2	7.6	Redeploy and retire employees	NONE	ANCESTOR_CITED		5	N	OUT_OF_SCOPE	APQC Cross-Industry PCF 8.0 Excel (Project file), PCF ID 10413	Redeploy and retire: enterprise HR administration.
APQC PCF 8.0	L2	7.7	Manage employee information and analytics	PARTIAL	ANCESTOR_CITED	L:ecl-w	2	N	DEPTH	APQC Cross-Industry PCF 8.0 Excel (Project file), PCF ID 17056	Workforce analytics: lens W only.
APQC PCF 8.0	L2	7.8	Manage employee communication	NONE	ANCESTOR_CITED		5	N	OUT_OF_SCOPE	APQC Cross-Industry PCF 8.0 Excel (Project file), PCF ID 21451	Employee communication: enterprise HR administration.
APQC PCF 8.0	L1	8.0	Manage Information Technology (IT)	PARTIAL	SCOPE_READ	D:masterdata; L:ecl-g; L:ecl-aa	5	N	OUT_OF_SCOPE	APQC Cross-Industry PCF 8.0 Excel (Project file), PCF ID 20607	Not cited. Enterprise IT management is outside scope; information management (8.4) is carried by master-data domain.
APQC PCF 8.0	L2	8.1	Develop and manage IT customer relationships	NONE	SCOPE_READ		5	N	OUT_OF_SCOPE	APQC Cross-Industry PCF 8.0 Excel (Project file), PCF ID 20608	IT organization management; outside the logistics Universe.
APQC PCF 8.0	L2	8.2	Develop and manage IT business strategy	NONE	SCOPE_READ		5	N	OUT_OF_SCOPE	APQC Cross-Industry PCF 8.0 Excel (Project file), PCF ID 20652	IT organization management; outside the logistics Universe.
APQC PCF 8.0	L2	8.3	Develop and manage IT resilience and risk	PARTIAL	SCOPE_READ	L:ecl-u	5	N	OUT_OF_SCOPE	APQC Cross-Industry PCF 8.0 Excel (Project file), PCF ID 20706	IT resilience and risk: enterprise risk lens only.
APQC PCF 8.0	L2	8.4	Manage information	PARTIAL	SCOPE_READ	D:masterdata; L:ecl-g	2	N	DEPTH	APQC Cross-Industry PCF 8.0 Excel (Project file), PCF ID 20765	Manage information: master and reference data governance.
APQC PCF 8.0	L2	8.5	Develop and manage services/solutions	NONE	SCOPE_READ		5	N	OUT_OF_SCOPE	APQC Cross-Industry PCF 8.0 Excel (Project file), PCF ID 20784	IT organization management; outside the logistics Universe.
APQC PCF 8.0	L2	8.6	Deploy services/solutions	NONE	SCOPE_READ		5	N	OUT_OF_SCOPE	APQC Cross-Industry PCF 8.0 Excel (Project file), PCF ID 20824	IT organization management; outside the logistics Universe.
APQC PCF 8.0	L2	8.7	Create and manage support services/solutions	NONE	SCOPE_READ		5	N	OUT_OF_SCOPE	APQC Cross-Industry PCF 8.0 Excel (Project file), PCF ID 20866	IT organization management; outside the logistics Universe.
APQC PCF 8.0	L1	9.0	Manage Financial Resources	PARTIAL	EXPLICIT_CITATION	D:finance; L:ecl-x; L:ecl-n		N		APQC Cross-Industry PCF 8.0 Excel (Project file), PCF ID 17058	Revenue accounting (9.2), payables (9.6) and global trade services (9.11) mapped; other 9.x enterprise-accounting nodes are out of scope.
APQC PCF 8.0	L2	9.1	Perform planning and management accounting	PARTIAL	ANCESTOR_CITED	D:finance(Freight accrual; Allocation)	5	N	OUT_OF_SCOPE	APQC Cross-Industry PCF 8.0 Excel (Project file), PCF ID 10728	Management accounting: only freight cost accrual/allocation.
APQC PCF 8.0	L2	9.2	Perform revenue accounting	FULL	EXPLICIT_CITATION	D:finance(Revenue accounting; Customer invoice and AR; Collections/deductions)		N		APQC Cross-Industry PCF 8.0 Excel (Project file), PCF ID 10729	Explicit 9.2.
APQC PCF 8.0	L2	9.3	Perform general accounting and reporting	NONE	ANCESTOR_CITED		5	N	OUT_OF_SCOPE	APQC Cross-Industry PCF 8.0 Excel (Project file), PCF ID 10730	General ledger and reporting.
APQC PCF 8.0	L2	9.4	Manage fixed-asset project accounting	NONE	ANCESTOR_CITED		5	N	OUT_OF_SCOPE	APQC Cross-Industry PCF 8.0 Excel (Project file), PCF ID 10731	Fixed-asset project accounting.
APQC PCF 8.0	L2	9.5	Process payroll	NONE	ANCESTOR_CITED		5	N	OUT_OF_SCOPE	APQC Cross-Industry PCF 8.0 Excel (Project file), PCF ID 10732	Payroll.
APQC PCF 8.0	L2	9.6	Process accounts payable and expense reimbursements	FULL	EXPLICIT_CITATION	D:finance(Carrier invoice/audit; AP and payment)		N		APQC Cross-Industry PCF 8.0 Excel (Project file), PCF ID 10733	Explicit 9.6.
APQC PCF 8.0	L2	9.7	Manage treasury operations	PARTIAL	ANCESTOR_CITED	D:finance(Trade finance); L:ecl-x; sys-treasury	2	N	DEPTH	APQC Cross-Industry PCF 8.0 Excel (Project file), PCF ID 10734	Treasury operations: trade-finance/working-capital touchpoints; Treasury Management System is registered.
APQC PCF 8.0	L2	9.8	Manage internal controls	PARTIAL	ANCESTOR_CITED	L:ecl-z	2	N	DEPTH	APQC Cross-Industry PCF 8.0 Excel (Project file), PCF ID 10735	Internal controls: lens Z (PARTIALLY READY).
APQC PCF 8.0	L2	9.9	Manage taxes	PARTIAL	ANCESTOR_CITED	D:trade(Duties/taxes); D:finance; sys-tax-engine	2	N	DEPTH	APQC Cross-Industry PCF 8.0 Excel (Project file), PCF ID 10736	Taxes: duties/taxes in trade domain and tax engine system; indirect-tax accounting depth not modelled. Financial-settlement relevance noted; not an unmapped node.
APQC PCF 8.0	L2	9.10	Manage international funds/consolidation	NONE	ANCESTOR_CITED		5	N	OUT_OF_SCOPE	APQC Cross-Industry PCF 8.0 Excel (Project file), PCF ID 10737	Intercompany funds/consolidation.
APQC PCF 8.0	L2	9.11	Perform global trade services	FULL	ANCESTOR_CITED	D:trade		N		APQC Cross-Industry PCF 8.0 Excel (Project file), PCF ID 17059	"Global trade services is the trade, customs and regulatory domain (CAN-07); not cited by code (trade domain apqc text says ""no forced subordinate mapping"") - mapped by scope. Proposed explicit anchor."
APQC PCF 8.0	L1	10.0	Acquire, Construct, and Manage Assets	PARTIAL	EXPLICIT_CITATION	D:assets; L:ecl-v		N		APQC Cross-Industry PCF 8.0 Excel (Project file), PCF ID 19207	Maintain (10.3) and end-of-life (10.4) covered; construction projects (10.2) out of scope.
APQC PCF 8.0	L2	10.1	Plan and acquire assets	PARTIAL	ANCESTOR_CITED	D:assets(Plan availability)	2	N	DEPTH	APQC Cross-Industry PCF 8.0 Excel (Project file), PCF ID 10937	Plan and acquire assets: availability/allocation planning; acquisition itself not.
APQC PCF 8.0	L2	10.2	Design and construct assets	NONE	ANCESTOR_CITED		5	N	OUT_OF_SCOPE	APQC Cross-Industry PCF 8.0 Excel (Project file), PCF ID 21575	Design and construct assets (capital projects).
APQC PCF 8.0	L2	10.3	Maintain assets	FULL	ANCESTOR_CITED	D:assets(Maintain/repair/MRO; Inspect and certify)		N		APQC Cross-Industry PCF 8.0 Excel (Project file), PCF ID 19238	Maintain assets.
APQC PCF 8.0	L2	10.4	Manage asset end-of-life	FULL	ANCESTOR_CITED	D:assets(Retire/replace)		N		APQC Cross-Industry PCF 8.0 Excel (Project file), PCF ID 21576	Asset end-of-life.
APQC PCF 8.0	L1	11.0	Manage Enterprise Risk, Compliance, Remediation, and Resiliency	PARTIAL	EXPLICIT_CITATION	L:ecl-u; L:ecl-z; L:ecl-t; D:exception; D:trade		N		APQC Cross-Industry PCF 8.0 Excel (Project file), PCF ID 16437	Risk, compliance and resilience covered at lens level; remediation (11.3) through exception/claims rails.
APQC PCF 8.0	L2	11.1	Manage enterprise risk	FULL	ANCESTOR_CITED	L:ecl-u; L:ecl-z		N		APQC Cross-Industry PCF 8.0 Excel (Project file), PCF ID 17060	Enterprise risk (lens level).
APQC PCF 8.0	L2	11.2	Manage compliance	FULL	ANCESTOR_CITED	L:ecl-z; D:trade; L:ecl-t		N		APQC Cross-Industry PCF 8.0 Excel (Project file), PCF ID 17467	Compliance.
APQC PCF 8.0	L2	11.3	Manage remediation efforts	PARTIAL	ANCESTOR_CITED	D:exception(Contain/recover); D:claims	2	N	DEPTH	APQC Cross-Industry PCF 8.0 Excel (Project file), PCF ID 11185	Remediation efforts: via exception recovery and claims rails.
APQC PCF 8.0	L2	11.4	Manage business resiliency	FULL	ANCESTOR_CITED	L:ecl-u		N		APQC Cross-Industry PCF 8.0 Excel (Project file), PCF ID 11216	Business resiliency (lens level; ISO 22301 registered).
APQC PCF 8.0	L1	12.0	Manage External Relationships	PARTIAL	EXPLICIT_CITATION	L:ecl-e; L:ecl-h; D:claims	5	N	OUT_OF_SCOPE	APQC Cross-Industry PCF 8.0 Excel (Project file), PCF ID 10012	Supplier/contract relationship parts covered; investor/board/PR relations out of scope.
APQC PCF 8.0	L2	12.1	Build investor relationships	NONE	ANCESTOR_CITED		5	N	OUT_OF_SCOPE	APQC Cross-Industry PCF 8.0 Excel (Project file), PCF ID 11010	Investor relations.
APQC PCF 8.0	L2	12.2	Manage government and industry relationships	PARTIAL	ANCESTOR_CITED	D:trade(authority/broker)	5	N	OUT_OF_SCOPE	APQC Cross-Industry PCF 8.0 Excel (Project file), PCF ID 11011	Government relations: only regulator interaction in trade domain.
APQC PCF 8.0	L2	12.3	Manage relations with board of directors	NONE	ANCESTOR_CITED		5	N	OUT_OF_SCOPE	APQC Cross-Industry PCF 8.0 Excel (Project file), PCF ID 11012	Board relations.
APQC PCF 8.0	L2	12.4	Manage legal and ethical issues	PARTIAL	ANCESTOR_CITED	D:claims; L:ecl-z	2	N	DEPTH	APQC Cross-Industry PCF 8.0 Excel (Project file), PCF ID 11013	Legal and ethical issues: liability conventions and claims branches.
APQC PCF 8.0	L2	12.5	Manage public relations program	NONE	ANCESTOR_CITED		5	N	OUT_OF_SCOPE	APQC Cross-Industry PCF 8.0 Excel (Project file), PCF ID 11014	Public relations.
APQC PCF 8.0	L1	13.0	Develop and Manage Business Capabilities	PARTIAL	EXPLICIT_CITATION	L:ecl-l; L:ecl-aa; L:ecl-g; L:ecl-y		N		APQC Cross-Industry PCF 8.0 Excel (Project file), PCF ID 10013	Quality, knowledge, analytics and sustainability covered at lens level (two lenses SOURCE RESEARCH REQUIRED).
APQC PCF 8.0	L2	13.1	Manage business processes	PARTIAL	ANCESTOR_CITED	L:ecl-aa; BPMN registered as notation	2	N	DEPTH	APQC Cross-Industry PCF 8.0 Excel (Project file), PCF ID 16378	Business process management: notation and knowledge lens.
APQC PCF 8.0	L2	13.2	Manage portfolio, program, and project	NONE	ANCESTOR_CITED		5	N	OUT_OF_SCOPE	APQC Cross-Industry PCF 8.0 Excel (Project file), PCF ID 16400	Portfolio/program/project management.
APQC PCF 8.0	L2	13.3	Manage enterprise quality	FULL	ANCESTOR_CITED	L:ecl-l		N		APQC Cross-Industry PCF 8.0 Excel (Project file), PCF ID 17471	Enterprise quality (lens L; ISO 9001 registered).
APQC PCF 8.0	L2	13.4	Manage change	NONE	ANCESTOR_CITED		5	N	OUT_OF_SCOPE	APQC Cross-Industry PCF 8.0 Excel (Project file), PCF ID 11074	Change management.
APQC PCF 8.0	L2	13.5	Develop and manage enterprise-wide knowledge management (KM) capability	FULL	ANCESTOR_CITED	L:ecl-aa		N	DEPTH	APQC Cross-Industry PCF 8.0 Excel (Project file), PCF ID 11073	Knowledge management: lens AA exists but readiness is SOURCE RESEARCH REQUIRED (depth gap disclosed by the Universe).
APQC PCF 8.0	L2	13.6	Manage Content	PARTIAL	ANCESTOR_CITED	L:ecl-aa; D:masterdata	2	N	DEPTH	APQC Cross-Industry PCF 8.0 Excel (Project file), PCF ID 21646	Content management: document registry exists (19 document records) but no content-management construct.
APQC PCF 8.0	L2	13.7	Measure and benchmark	PARTIAL	ANCESTOR_CITED	D:plan(Performance policy); L:ecl-aa; OE3	2	N	DEPTH	APQC Cross-Industry PCF 8.0 Excel (Project file), PCF ID 21584	Measure and benchmark: performance policy and OE3.
APQC PCF 8.0	L2	13.8	Develop, Manage, and Deliver Analytics	PARTIAL	ANCESTOR_CITED	L:ecl-aa; sys-analytics	2	N	DEPTH	APQC Cross-Industry PCF 8.0 Excel (Project file), PCF ID 20959	Analytics: lens AA (SOURCE RESEARCH REQUIRED) and analytics platform system.
APQC PCF 8.0	L2	13.9	Manage Environmental Health and Safety (EHS)	PARTIAL	ANCESTOR_CITED	L:ecl-w (safety); D:trade (dangerous goods, conditional)	2	N	DEPTH	APQC Cross-Industry PCF 8.0 Excel (Project file), PCF ID 11179	"EHS: ""EHS""/""health and safety"" do not occur in the frozen HTML (0 matches); workplace safety only as a word in lens W; transport dangerous-goods safety sits in the conditional dangerous-goods layer. Flagged for challenge (class 2 vs class 1)."
APQC PCF 8.0	L2	13.10	Manage sustainability	FULL	ANCESTOR_CITED	L:ecl-y		N		APQC Cross-Industry PCF 8.0 Excel (Project file), PCF ID 21588	Sustainability (lens Y; ISO 14083/14064/GHG registered).
ISA-95 / IEC 62264	Level	L0-L2	Physical process; sensing/manipulating; monitoring and supervising control	NONE	SCOPE_READ		5	N	OUT_OF_SCOPE	ISA-95 page (isa.org) read via WebFetch: part titles and Levels 0-4 names; Part 3 category names NOT on that page (assessor knowledge, not retrieved)	Control-system levels are outside the logistics Universe; ISA-95 is registered only for the enterprise-control boundary.
ISA-95 / IEC 62264	Level	L3	Manufacturing operations management	FULL	SCOPE_READ	D:transform; D:warehouse; D:assets; L:ecl-j	0	N		ISA-95 page (isa.org) read via WebFetch: part titles and Levels 0-4 names; Part 3 category names NOT on that page (assessor knowledge, not retrieved)	Operations management carried by transform, warehouse and asset domains; lens J cites ISA-95.
ISA-95 / IEC 62264	Level	L4	Business planning and logistics	FULL	SCOPE_READ	D:plan; D:source; D:commercial; D:transport	0	N		ISA-95 page (isa.org) read via WebFetch: part titles and Levels 0-4 names; Part 3 category names NOT on that page (assessor knowledge, not retrieved)	Business planning and logistics levels.
ISA-95 / IEC 62264	Part 3 category	P3-prod	Production operations management	FULL	SCOPE_READ	D:transform	0	N		assessor knowledge of Part 3 (not retrieved)	Maps to Transform.
ISA-95 / IEC 62264	Part 3 category	P3-maint	Maintenance operations management	FULL	SCOPE_READ	D:assets(Maintain/repair/MRO)	0	N		assessor knowledge of Part 3 (not retrieved)	Maps to Assets.
ISA-95 / IEC 62264	Part 3 category	P3-qual	Quality operations management	PARTIAL	SCOPE_READ	D:transform(Inspect and test); L:ecl-l	2	N	DEPTH	assessor knowledge of Part 3 (not retrieved)	Quality is a lens (PARTIALLY READY) plus transform inspection.
ISA-95 / IEC 62264	Part 3 category	P3-inv	Inventory operations management	FULL	SCOPE_READ	D:warehouse	0	N		assessor knowledge of Part 3 (not retrieved)	Maps to Inventory & warehousing.
DCSA Industry Blueprint 2026.Q1	Journey	SHIP	Shipment journey (booking to payment)	FULL	SCOPE_READ	D:commercial; D:transport; D:trade; D:finance; M:ocean-fcl	0	N		DCSA Industry Blueprint page (dcsa.org) via WebFetch: journey and phase names only; stages beneath each journey not on the page	Booking-to-payment spans commercial, transport, trade and finance.
DCSA Industry Blueprint 2026.Q1	Journey	EQUIP	Equipment journey (pick-up to return)	FULL	SCOPE_READ	D:assets(Reposition empty equipment); D:transport	0	N		DCSA Industry Blueprint page (dcsa.org) via WebFetch: journey and phase names only; stages beneath each journey not on the page	Container equipment movements: assets and transport.
DCSA Industry Blueprint 2026.Q1	Journey	VESSEL	Vessel journey (departure to arrival, port calls)	PARTIAL	SCOPE_READ	M:ocean-fcl; M:ocean-lcl; D:transport(Main carriage/transship)	3	N	DEPTH	DCSA Industry Blueprint page (dcsa.org) via WebFetch: journey and phase names only; stages beneath each journey not on the page	Vessel/port-call operations are carrier-side ocean-mode specialization (Ocean daughter), not a parent capability.
DCSA Industry Blueprint 2026.Q1	Phase	PRE	Pre-shipping	FULL	SCOPE_READ	D:commercial; D:trade; D:transport	0	N		DCSA Industry Blueprint page (dcsa.org) via WebFetch: journey and phase names only; stages beneath each journey not on the page	Activities before pick-up.
DCSA Industry Blueprint 2026.Q1	Phase	LINER	Liner operation	PARTIAL	SCOPE_READ	M:ocean-fcl; D:transport	3	N	DEPTH	DCSA Industry Blueprint page (dcsa.org) via WebFetch: journey and phase names only; stages beneath each journey not on the page	Liner operations belong to the Ocean mode overlay/daughter.
DCSA Industry Blueprint 2026.Q1	Phase	POST	Post-shipping	FULL	SCOPE_READ	D:transport; D:delivery; D:warehouse	0	N		DCSA Industry Blueprint page (dcsa.org) via WebFetch: journey and phase names only; stages beneath each journey not on the page	Terminal delivery to final destination, reporting and warehousing.
Contract Management Standard 4th ed.	Phase	PRE	Pre-award	FULL	SCOPE_READ	D:source(Supplier/provider selection); D:commercial; L:ecl-b	0	N		Contract Management Standard page (ccm.institute) via WebFetch: phases only (pre-award, award, post-award)	Need definition through selection.
Contract Management Standard 4th ed.	Phase	AWD	Award	FULL	SCOPE_READ	D:source(Contract); L:ecl-e	0	N		Contract Management Standard page (ccm.institute) via WebFetch: phases only (pre-award, award, post-award)	Contract formation.
Contract Management Standard 4th ed.	Phase	POST	Post-award	PARTIAL	SCOPE_READ	L:ecl-e (PARTIALLY READY)	2	N	DEPTH	Contract Management Standard page (ccm.institute) via WebFetch: phases only (pre-award, award, post-award)	Obligation execution, change, renewal are lens-level; lens gap says obligation semantics need execution research.
UN/CEFACT International Forwarding and Transport BRS v2	Process scope	ALL	Booking, instructions, waybill/status, consolidation context	NA	SCOPE_READ		0	N		page fetch failed (client error); not retrieved	STRUCTURE NOT RETRIEVED: no mapping asserted (UNRESOLVED). Registry applicability text names the scope; node-level mapping deferred.
ISO 9001	Standard	ISO 9001:2015	Quality management systems	PARTIAL	SCOPE_READ	L:ecl-l; D:transform(Inspect and test)	2	N	DEPTH	ISO catalogue page only (Universe sourceRecords applicability); clause structure not retrieved (paywalled standard)	Quality lens carries ISO 9001. Standard-level mapping only; clause-level NOT mapped (structure not retrieved).
ISO 31000	Standard	ISO 31000:2018	Risk management (principles, framework, process)	PARTIAL	SCOPE_READ	L:ecl-u; L:ecl-z	2	N	DEPTH	ISO catalogue page only (Universe sourceRecords applicability); clause structure not retrieved (paywalled standard)	Risk lenses. Standard-level mapping only; clause-level NOT mapped (structure not retrieved).
ISO 22301	Standard	ISO 22301:2019	Business continuity management systems	PARTIAL	SCOPE_READ	L:ecl-u	2	N	DEPTH	ISO catalogue page only (Universe sourceRecords applicability); clause structure not retrieved (paywalled standard)	Resilience lens. Standard-level mapping only; clause-level NOT mapped (structure not retrieved).
ISO 37301	Standard	ISO 37301:2021	Compliance management systems	PARTIAL	SCOPE_READ	L:ecl-z; L:ecl-t	2	N	DEPTH	ISO catalogue page only (Universe sourceRecords applicability); clause structure not retrieved (paywalled standard)	Compliance lens. Standard-level mapping only; clause-level NOT mapped (structure not retrieved).
ISO 44001	Standard	ISO 44001:2017	Collaborative business relationship management	PARTIAL	SCOPE_READ	L:ecl-h; L:ecl-q	2	N	DEPTH	ISO catalogue page only (Universe sourceRecords applicability); clause structure not retrieved (paywalled standard)	Supplier and provider lenses. Standard-level mapping only; clause-level NOT mapped (structure not retrieved).
ISO 55001	Standard	ISO 55001:2024	Asset management systems	PARTIAL	SCOPE_READ	D:assets; L:ecl-v	2	N	DEPTH	ISO catalogue page only (Universe sourceRecords applicability); clause structure not retrieved (paywalled standard)	Assets domain and lens. Standard-level mapping only; clause-level NOT mapped (structure not retrieved).
ISO 30401	Standard	ISO 30401:2018	Knowledge management systems	PARTIAL	SCOPE_READ	L:ecl-aa (SOURCE RESEARCH REQUIRED)	2	N	DEPTH	ISO catalogue page only (Universe sourceRecords applicability); clause structure not retrieved (paywalled standard)	Knowledge lens, unresearched. Standard-level mapping only; clause-level NOT mapped (structure not retrieved).
ISO 10002	Standard	ISO 10002:2018	Complaints handling	PARTIAL	SCOPE_READ	D:customer; D:claims; L:ecl-m	2	N	DEPTH	ISO catalogue page only (Universe sourceRecords applicability); clause structure not retrieved (paywalled standard)	Customer service lens. Standard-level mapping only; clause-level NOT mapped (structure not retrieved).
ISO 30414	Standard	ISO 30414:2025	Human capital reporting	PARTIAL	SCOPE_READ	L:ecl-w (SOURCE RESEARCH REQUIRED)	2	N	DEPTH	ISO catalogue page only (Universe sourceRecords applicability); clause structure not retrieved (paywalled standard)	Workforce lens, unresearched. Standard-level mapping only; clause-level NOT mapped (structure not retrieved).
World CC / CIPS / ISM competency bodies; BPMN; DMN; ISO 22400	Reference kind	-	Notation, KPI set or competency reference (not process hierarchies)	NA	SCOPE_READ		0	N		Universe sourceRecords roles / referenceGroups use text	"Not process frameworks; excluded from the mapping denominator. BPMN/DMN are notations (DMN states ""not process-content evidence""); ISO 22400 is a KPI set."
