stratum	rank	id	name	category	claim_class	evidence	basis	note	dec057
business_object	1	obj-vehicle	Vehicle	PASS_WITH_NOTE	CC2	L	src-iata-one-record: IATA-1R-DM-Ontology.ttl class TransportMeans ("Transport means details"), property vehicleType; src-uncefact-rdm: D23B defs logisticsTransportMeansType	Registered vocabularies name the concept Transport Means; "Vehicle" is a label variant. domainIds is empty in the registry.	
business_object	2	obj-equipment	Equipment	PASS	CC1	L	src-uncefact-rdm: D23B def logisticsTransportEquipmentType ("equipment used to hold, protect or secure cargo"); src-iata-one-record: classes ULD, LoadingUnit; src-iso6346 identifies equipment (not read)		
business_object	3	obj-knowledge-asset	Knowledge Asset	PASS_WITH_LIMITATION	CC3	P	src-apqc-pcf: PCF 8.0 13.6 Manage Content (21646): description names "enterprise content and knowledge assets"; src-iso30401 (knowledge-management system, page not read)	Exact phrase appears in a process description only; no registered data vocabulary defines a knowledge-asset object.	depth gap: conceptual coverage valid; object definition belongs to a knowledge/enterprise layer
business_object	4	obj-filing	Filing	PASS_WITH_NOTE	CC2	L,W	src-uncefact-rdm: D23B defs declarationType, exchangedDeclarationType; src-iata-one-record: classes SecurityDeclaration, DgDeclaration; src-wco-dm registered (page read is generic, object level not confirmed)	"Filing" is not a term used in the registered vocabularies searched; they use "declaration". Overlaps obj-declaration.	
business_object	5	obj-seal	Seal	PASS	CC1	L	src-uncefact-rdm: D23B def logisticsSealType ("device used to secure an object ... during transport"); src-iata-one-record: datatype properties seal, sealNumber		
business_object	6	obj-subrogation	Subrogation	NO_BASIS	CC6	L,P	Nothing found. Neighbours only: src-iata-one-record class Insurance and src-uncefact-rdm def cargoInsuranceType (insurance cover, not a recovery right); src-apqc-pcf 11.1.3.3.1 Assess adequacy of insurance coverage (18129)	Subrogation (insurer recovery against a liable third party) is not defined in any registered source searched. Legal instruments (src-cmr, src-montreal, src-hague-visby) were not read at clause level.	depth gap, not structural: valid claims-domain concept; destination layer = claims/insurance daughter; class 4/5 in the frozen protocol gap classes (proposal)
business_object	7	obj-shipping-instructions	Shipping Instructions	PASS	CC1	W,L	src-dcsa-ebl: Bill of Lading 3.0 introduction section 1.3 defines Shipping Instructions; src-uncefact-rdm: UNECE-MultimodalShippingInstructions.json		
business_object	8	obj-trailer	Trailer	PASS_WITH_NOTE	CC2	L	src-uncefact-rdm: D23B logisticsTransportEquipmentType.categoryCode ("container or trailer")	Trailer is a category value of Transport Equipment, not a class of its own.	
business_object	9	obj-condition-record	Condition Record	PASS_WITH_NOTE	CC2	L	src-uncefact-rdm: D23B def conditionType ("a state, such as of a specified person or thing"); src-iata-one-record: class ULDConditionCode (cXML 1.21), property serviceabilityCode; src-gs1-cbv: dispositions (damaged etc.)	Concept is covered by several condition/state constructs; "Condition Record" as a wrapper object is not named anywhere.	
business_object	10	obj-supplier-invoice	Supplier Invoice	PASS_WITH_NOTE	CC2	L	src-gs1-cbv: BTT-inv Invoice; src-uncefact-rdm: UNECE-CrossIndustryInvoice.json	"Supplier" is the seller role of an Invoice.	
business_object	11	obj-payment	Payment	PASS	CC1	L	src-uncefact-rdm: D23B defs tradeSettlementPaymentType, advancePaymentType, instalmentPaymentType; UNECE-CrossIndustryRemittanceAdvice.json		
business_object	12	obj-order	Order	PASS	CC1	L	src-gs1-cbv: BTT-po Purchase Order, BTT-prodorder; src-uncefact-rdm: UNECE-CrossIndustryOrder.json (+ OrderChange, OrderResponse)		
business_object	13	obj-asset-master	Asset Master	PASS_WITH_LIMITATION	CC3	P	src-apqc-pcf: 9.3.3.2 Maintain fixed-asset master data files (10829); src-iso55001 (asset-management system, page not read)	Process-level only; GS1 asset keys (GIAI/GRAI) were not checked.	depth gap: conceptual coverage valid; master-data object is an enterprise/ERP-layer construct
business_object	14	obj-cfs-handoff	CFS Handoff	PASS_WITH_LIMITATION	CC4	W	src-dcsa-booking: DCSA Booking and eBL Logical Data Model 2024.3, class Booking: Receipt Type at Origin / Delivery Type at Destination value CFS defined ("carrier responsible for stuffing/stripping")	CFS is defined as a service-type value. A handoff object at a CFS is not defined; "handoff" is an Atlas composite.	depth gap: valid ocean LCL concept; destination layer = Ocean LCL daughter
business_object	15	obj-accrual	Accrual	PASS_WITH_LIMITATION	CC3	P	src-apqc-pcf: 9.6.1.5 Process financial accruals and reversals (10873)	Exact term, process level; no registered data vocabulary defines an accrual object.	depth gap: finance-layer object; conceptual coverage valid
business_object	16	obj-regulatory-status	Regulatory Status	PASS_WITH_NOTE	CC2	L	src-iata-one-record: classes SecurityStatus (cXML 1.103), ShipmentSecurityStatus (DM and CL ontologies)	ONE Record covers the security-status sense; customs and dangerous-goods information sit in separate constructs there.	
business_object	17	obj-control-evidence	Control Evidence	PASS_WITH_LIMITATION	CC3	P	src-apqc-pcf: 9.8 Manage internal controls (10735); 9.8.3 Report on internal controls compliance (10764)	Process level only. ISO management-system standards (src-iso9001, src-iso37301) were not read at clause level, so no ISO claim is made.	depth gap: enterprise compliance-layer object; conceptual coverage valid
business_object	18	obj-release	Release	PASS_WITH_LIMITATION	CC4	L,W	src-iata-one-record: CL ontology code DK "Release order"; src-uncefact-rdm: crossBorderRegulatoryProcedureType.transitReleaseCustomsOfficeSpecifiedLogisticsLocation (transit release customs office); DCSA Arrival Notice glossary: "Release" not defined	Label is unqualified (customs release, cargo release, hold release). src-wco-dm is registered but its page gave no object-level confirmation.	depth gap: qualify the sense; conceptual coverage valid
business_object	19	obj-execution-state	Execution State	PASS_WITH_NOTE	CC2	L	src-iata-one-record: class ExecutionStatus ("restricted code list for the execution status of activities"); src-gs1-epcis: properties disposition, persistentDisposition	Aliases "Actual state" and "Authoritative state" have no counterpart in any registered vocabulary.	
business_object	20	obj-appointment	Appointment	PASS_WITH_NOTE	CC2	W	src-x12: transaction set 163 Transportation Appointment Schedule Information (x12.org catalogue)	The X12 set name is "appointment schedule information". Catalogue read through a page summary.	
business_object	21	obj-refund	Refund	PASS_WITH_NOTE	CC2	L,P	src-uncefact-rdm: D23B paymentTradeSettlementType.refundAmount, tradeTaxType.refundAmount; src-apqc-pcf 6.2.4.1 Authorize return (10364) mentions refund in its description only	Refund is an attribute (amount) of a payment settlement, not an object.	
business_object	22	obj-shipment-readiness	Shipment Readiness	PASS_WITH_LIMITATION	CC4	W,L	src-x12: transaction set 216 Motor Carrier Shipment Pickup Notification (shipper tells carrier a shipment is ready for pickup)	A readiness message exists; no readiness state or object is named in any indexed vocabulary (no term "ready"/"readiness").	depth gap: warehouse/transport state; conceptual coverage valid
business_object	23	obj-reference-code	Reference Code	PASS_WITH_NOTE	CC2	L	src-uncefact-rdm: D23B def referenceType ("Supply Chain_ Reference"); src-iata-one-record: class ExternalReference	Generic label; many reference types exist.	
business_object	24	obj-rate	Rate	PASS_WITH_NOTE	CC2	L	src-iata-one-record: classes RateClassCode, ChargeCode, property rateCharge ("TACT rate"); src-uncefact-rdm: tradePriceType	No class named Rate; the term covers freight rate, tax rate and exchange rate (domains: commercial, transport, finance, claims).	
business_object	25	obj-performance-record	Performance Record	PASS_WITH_LIMITATION	CC3	P	src-apqc-pcf: 4.4.4.2 Track carrier delivery performance (10361); PCF measure rows; src-scor registered (page not read)	Process level only.	depth gap: KPI/scorecard object belongs to a performance-management layer
business_object	26	obj-reserve	Reserve	PASS_WITH_LIMITATION	CC3	P	src-apqc-pcf: 9.2.4.5 Process adjustments/write off balances (10808): "maintaining reserves for write-offs and adjustments"	Finance-reserve sense only. The claims-reserve sense (registry domain: claims) is not defined anywhere searched. Sense mismatch is possible; W1-12 should challenge.	depth gap: claims/finance daughter; conceptual coverage valid
business_object	27	obj-emission-record	Emission Record	PASS_WITH_NOTE	CC2	L	src-iata-one-record: class CO2Emissions ("CO2 calculation"), property calculatedEmissions; src-uncefact-rdm: def calculatedEmissionType; src-iso14083, src-ghg-scope3, src-iso14064 registered (method standards, not read)	"Record" wrapper is Atlas wording; "GHG record" alias is broader than CO2.	
business_object	28	obj-wave	Wave	NO_BASIS	CC6	L,P	Nothing found. Neighbours only: src-gs1-cbv BizStep-picking; src-apqc-pcf 4.4.3.4 Pick, pack, and ship product for delivery (10356)	Warehouse wave (batch release of orders for picking) is a WMS construct; no registered source defines it.	depth gap, not structural: valid warehouse concept; destination layer = warehouse daughter; class 3/4 in the frozen protocol gap classes (proposal)
business_object	29	obj-load-plan	Load Plan	PASS_WITH_LIMITATION	CC4	W,L	src-dcsa-load-list-bay-plan: DCSA "Load List and Bay Plan Definitions" (2020); page uses "load list" and "bay plan", not "load plan"	Ocean/vessel-specific neighbour. No generic load plan found in ONE Record, UN/CEFACT D23B or CBV.	depth gap: transport-layer object; conceptual coverage valid
business_object	30	obj-freight-charge	Freight Charge	PASS_WITH_NOTE	CC2	L	src-uncefact-rdm: D23B def logisticsServiceChargeType ("a charge made for a logistics related service"); src-iata-one-record: property chargeType, classes OtherCharge, ChargeCode		
business_object	31	obj-pick-confirmation	Pick Confirmation	PASS_WITH_NOTE	CC2	L,W	src-gs1-cbv: BizStep-picking ("selecting of objects to fill an order")	CBV defines the picking activity, not a confirmation record. X12 warehouse sets (944/945) were not found in the catalogue text read.	
business_object	32	obj-sourcing-decision	Sourcing Decision	PASS_WITH_LIMITATION	CC3	P	src-apqc-pcf: 4.2.1 Provide sourcing governance (10277); 4.2.3 Select suppliers and develop/maintain contracts (10278); src-scor Source (page not read)	Process level only.	depth gap: procurement-layer object; conceptual coverage valid
business_object	33	obj-arrival-notice	Arrival Notice	PASS	CC1	W	src-dcsa-arrival: DCSA Arrival Notice v1 (current 1.0.1) release page; v1.0.1 glossary defines "Arrival notice" (notice from publisher to receiver that a shipment is scheduled to arrive)	Same concept is registered twice (obj-arrival-notice and doc-arrival-notice).	
business_object	34	obj-booking	Transport Booking	PASS	CC1	W,L	src-dcsa-booking: DCSA Booking and eBL Logical Data Model 2024.3/2024.4 class Booking; src-iata-one-record: class Booking; src-uncefact-rdm: UNECE-MultimodalTransportBooking.json		
business_object	35	obj-asn	Advance Shipping Notice	PASS	CC1	L	src-gs1-cbv: BTT-desadv Despatch Advice ("also called an Advanced Shipment Notice"); src-uncefact-rdm: UNECE-CrossIndustryDespatchAdvice.json		
business_object	36	obj-tender-response	Tender Response	PASS_WITH_NOTE	CC2	L,W	src-uncefact-rdm: UNECE-CrossIndustryRequestforQuotationResponse.json; src-x12: 204 Motor Carrier Load Tender (request side) confirmed on catalogue	The X12 response set (990) was not found in the catalogue text read (page truncated; not verified). Procurement-tender and load-tender senses differ.	
business_object	37	obj-declaration	Declaration	PASS_WITH_NOTE	CC2	L	src-uncefact-rdm: D23B defs declarationType, exchangedDeclarationType; src-iata-one-record: classes DgDeclaration, SecurityDeclaration; src-gs1-epcis: ErrorDeclaration (different sense)	Generic label for several typed declarations. Overlaps obj-filing.	
business_object	38	obj-recipient	Recipient	PASS_WITH_NOTE	CC2	L	src-iata-one-record: property consignee ("Reference to the Organization that fulfills the role of the consignee"), class Party	Role name differs (consignee/receiver). GS1 GSRN-Recipient was not checked.	
business_object	39	obj-driver	Driver	PASS_WITH_LIMITATION	CC4	L	src-iata-one-record: class Person (parent); property documents mentions "driver's license"; CL code PA (truck pre-announcement: driver name, license plates)	No Driver class or role in ONE Record, D23B or CBV.	depth gap: person role; conceptual coverage valid
business_object	40	obj-receipt	Receipt	PASS_WITH_NOTE	CC2	L	src-gs1-cbv: BTT-recadv Receiving Advice, BizStep-receiving; src-uncefact-rdm: UNECE-CrossIndustryReceivingAdvice.json	Goods-receipt sense.	
system	1	sys-customer-portal	Customer Portal	NO_BASIS	CC5	P	Nothing found. src-apqc-pcf mentions portals only in recruiting text and in benchmark measure wording	No registered source defines a customer portal or its function.	client-binding/product category (class 4 proposal); not structural
system	2	sys-ibp	Integrated Business Planning	PASS_WITH_LIMITATION	CC5	P	src-apqc-pcf: 4.1 Plan for and align supply chain resources (10215); 4.1.2 Manage demand for products (10222); src-scor Plan (page not read)	Function-level basis only; the software system category is not defined by any registered vocabulary. "Integrated business planning" is not named.	product category; not structural
system	3	sys-billing	Billing Engine	PASS_WITH_LIMITATION	CC5	P,L	src-apqc-pcf: 9.2.2 Invoice customer (10743); 9.2.2.2 Generate customer billing data (10795); src-uncefact-rdm: UNECE-CrossIndustryInvoice.json (document, not system)	Function-level basis only; the software system category is not defined by any registered vocabulary.	product category; not structural
system	4	sys-control-tower	Supply-chain control tower	PASS_WITH_LIMITATION	CC5	W	src-gs1-epcis/src-gs1-cbv registered as event/visibility standards; src-uncefact-multimodal-visibility-brs-v1 registered (page fetch errored, not verified)	Function-level basis only; the software system category is not defined by any registered vocabulary. Control-tower function is only indirectly supported by event standards.	product category; not structural
system	5	sys-forwarder-platform	Forwarder Platform	PASS_WITH_LIMITATION	CC5	L	src-uncefact-rdm: UNECE-MultimodalShippingInstructions.json, MultimodalTransportBooking.json, FIATATransportContract.json; src-uncefact-ift-brs-v2 registered (page not read)	Function-level basis only; the software system category is not defined by any registered vocabulary.	product category; not structural
system	6	sys-cpq	Configure Price Quote	PASS_WITH_LIMITATION	CC5	P,L	src-apqc-pcf: 3.5.3 Develop and manage sales proposals, bids, and quotes (11779); 3.5.3.14 Revise bid/proposal/quote (20018); src-uncefact-rdm: UNECE-CrossIndustryQuotationProposal.json	Function-level basis only; the software system category is not defined by any registered vocabulary.	product category; not structural
system	7	sys-oms	Order Management System	PASS_WITH_LIMITATION	CC5	P,L	src-apqc-pcf: 3.5.4 Manage sales orders (10185); src-uncefact-rdm: UNECE-CrossIndustryOrder.json, OrderChange, OrderResponse	Function-level basis only; the software system category is not defined by any registered vocabulary.	product category; not structural
system	8	sys-analytics	Analytics Platform	PASS_WITH_LIMITATION	CC5	P	src-apqc-pcf: 13.8 Develop, Manage, and Deliver Analytics (20959); 8.4.1 Define business information and analytics strategy (20766); 2.1.2.5.4 Apply data and analytics to review supply chain methodologies (19647)	Function-level basis only; the software system category is not defined by any registered vocabulary.	product category; not structural
system	9	sys-carrier-documentation	Carrier Documentation Platform	PASS_WITH_LIMITATION	CC5	W,L	src-dcsa-ebl: Bill of Lading 3.0 (carrier issues the Transport Document); src-fiata eFBL; src-uncefact-rdm: UNECE-MaritimeBillofLading.json	Function-level basis only; the software system category is not defined by any registered vocabulary.	product category; not structural
system	10	sys-tax-engine	Tax Engine	PASS_WITH_LIMITATION	CC5	P,L	src-apqc-pcf: 9.9 Manage taxes (10736); src-uncefact-rdm: D23B defs tradeTaxType, appliedTaxType	Function-level basis only; the software system category is not defined by any registered vocabulary.	product category; not structural
document_event	1	evt-pickup-dispatched	Pickup dispatched	PASS_WITH_NOTE	CC2	L,W	src-uncefact-rdm: D23B headerTradeDeliveryType.actualPickUpEvent / confirmedPickUpEvent, logisticsTransportEquipmentType.pickUpEvent; src-x12: 216 Motor Carrier Shipment Pickup Notification; src-iata-one-record: CL code PU "Pick-Up"	"Dispatched" (carrier assigns a pickup) is an Atlas qualifier; the pick-up event itself is supported.	
document_event	2	doc-fiata-fbl	FIATA Multimodal Transport Bill of Lading	PASS	CC1	W,L	src-fiata: fiata.org/resources lists the Negotiable FIATA Multimodal Transport Bill of Lading (FBL) and the Digital Negotiable FBL; src-uncefact-rdm: UNECE-FIATATransportContract.json	Page does not use the abbreviation "eFBL".	
document_event	3	doc-air-awb	Air waybill / electronic air waybill	PASS	CC1	L	src-iata-one-record: class Waybill (waybillType House/Direct/Master); src-uncefact-rdm: UNECE-AirWaybill.json	e-AWB as an IATA programme is registered under src-iata-cargo (W1-08: page generic).	
document_event	4	doc-road-cmr-bol	CMR consignment note or road bill of lading	PASS_WITH_NOTE	CC2	L	src-uncefact-rdm: UNECE-eCMR.json; src-cmr and src-ecmr registered (UNECE pages not fetchable in W1-07/W1-08, not re-tried); road BOL: src-nmfta-dsdc-ltl eBOL API Standard 2.1 (W1-08: confirmed latest)	Composite label: two instruments (CMR consignment note, road bill of lading) in one record.	
document_event	5	doc-vgm-declaration	Verified Gross Mass Declaration	PASS_WITH_NOTE	CC2	W,L	src-dcsa-vgm: DCSA Verified Gross Mass v1 (current 1.0.1) release page; src-uncefact-rdm: logisticsTransportEquipmentType.verifiedGrossWeightMeasure	DCSA page shows title and versions only; the VGM object and who submits it were not read. The registry applicability note names SOLAS as the legal requirement source.	
document_event	6	doc-rail-consignment	Rail consignment note	PASS	CC1	L	src-uncefact-rdm: UNECE-RailURLConsignmentNote.json, UNECE-SMGSConsignmentNote.json, UNECE-MMTCIM-SMGSConsignmentNote.json; src-cotif-cim registered (page not fetched)		
document_event	7	doc-ocean-sea-waybill	Sea Waybill	PASS	CC1	W	src-dcsa-ebl: Bill of Lading 3.0 introduction section 1.3 defines Sea Waybill as a Transport Document type; DCSA model entity "Transport document type" (B/L, Sea Waybill)		
document_event	8	doc-arrival-notice	Arrival Notice	PASS	CC1	W	src-dcsa-arrival: as obj-arrival-notice (v1.0.1 glossary definition; release page)	Duplicate registration of obj-arrival-notice.	
document_event	9	evt-exception-detected	Execution exception detected	PASS_WITH_LIMITATION	CC4	L,W	src-gs1-epcis: property exception ("a sensor alert, including an alarm condition or an error condition"); src-uncefact-multimodal-visibility-brs-v1 registered (page fetch errored)	EPCIS covers a narrower sensor sense. No logistics execution-exception event found in the registered sources read.	depth gap: valid event; destination layer = visibility/exception daughter
document_event	10	evt-delivery-attempted	Delivery attempted	PASS_WITH_LIMITATION	CC4	L,W	src-uncefact-rdm: D23B headerTradeDeliveryType.actualDeliveryEvent (delivery event); src-x12: 214 Transportation Carrier Shipment Status Message exists (status-code list not read); src-iata-one-record: CL code SE "Proof of delivery"	No attempt/outcome concept named in any source read.	depth gap: delivery-layer event state; conceptual coverage valid
